region,SoilOrder,pH,totalC,totalN,AMN,OlsenP_LR,bulkDensity,macroporosity-m05,macroporosity-m10,meets_pH,meets_bulkDensity,meets_macroporosity,meets_OlsenP,meets_totalC,meets_totalN,meets_AMN,meets_organicR,meets_physicalS,LandUse
Auckland,Brown,5.89,5.45,0.48,126,37,1.01,6.1,9.3,within,within,below,within,within,within,within,within,below,Crop_Hort
Auckland,Brown,6.05,5.714,0.532,126.242,55.029,0.943,8.467,10.333,within,within,within,above,within,within,within,within,within,Crop_Hort
Auckland,Ultic,4.73,7.22,0.44,133,6.254,0.834,11.333,13.433,within,within,within,within,within,within,within,within,within,Forestry
Auckland,Ultic,4.93,5.6,0.3,65.3,12.8,0.84,7.42,8.34,within,within,within,within,within,within,within,within,within,Forestry
Auckland,Brown,6.3,3.97,0.352,141,31.814,1.181,16.167,22.433,within,within,within,above,within,within,within,within,within,Forestry
Auckland,Brown,5.27,5.342,0.486,78.947,21.974,0.76,34.73,38.597,within,within,above,within,within,within,within,within,above,Forestry
Auckland,Brown,5.69,3.21,0.236,59,24.746,0.948,24.567,31.5,within,within,above,within,within,within,within,within,above,Forestry
Auckland,Brown,4.9,10.966,0.756,89.011,76.484,0.91,17.6,24.903,within,within,within,above,within,above,within,above,within,Forestry
Auckland,Brown,5.53,9.37,0.858,170.312,13.75,0.64,23.4,27.663,within,within,within,within,within,above,within,above,within,Forestry
Auckland,Recent,5.66,1.82,0.063,19,4.816,1.484,29.9,39.433,within,above,above,below,below,below,below,below,above,Forestry
Auckland,Recent,5.18,1.62,0.046,12,15.466,1.519,29.633,37,within,above,above,within,below,below,below,below,above,Forestry
Auckland,Brown,5.32,3,0.177,97,4.018,1.103,6.067,8.2,within,within,within,below,within,within,within,within,within,Forestry
Auckland,Brown,5.08,4.724,0.187,56.412,5,1.045,18.4,19.07,within,within,within,within,within,within,within,within,within,Forestry
Auckland,Organic,6.79,15.26,1.285,165.172,121.766,0.543,9.267,11.467,within,within,within,above,within,within,within,within,within,Crop_Hort
Auckland,Organic,6.51,15.4,1.21,139,52,0.62,5.5,3.47,within,within,below,above,within,within,within,within,below,Crop_Hort
Auckland,Gley,6.29,3.85,0.26,71.9,79,1.25,4.8,7.1,within,within,below,above,within,within,within,within,below,Crop_Hort
Auckland,Gley,5.87,3.407,0.199,114.634,107,1.23,12.9,15.707,within,within,within,above,within,within,within,within,within,Crop_Hort
Auckland,Gley,5.97,3.12,0.18,24.5,57,1.18,9,11.43,within,within,within,above,within,within,within,within,within,Crop_Hort
Auckland,Gley,6.18,2.696,0.159,34.074,119,1.35,4.2,6.433,within,within,below,above,within,within,within,within,below,Crop_Hort
Auckland,Recent,5.84,2.67,0.113,51,4.988,1.299,32.5,39.5,within,within,above,below,within,within,within,within,above,Forestry
Auckland,Ultic,4.48,6.04,0.368,49,42.438,1.101,8.1,9.833,within,within,within,above,within,within,within,within,within,Forestry
Auckland,Granular,6.02,2.168,0.217,12.784,275.755,1.037,23.167,24.367,within,within,within,above,below,within,below,below,within,Crop_Hort
Auckland,Granular,7.17,2.1,0.2,9.375,200,0.96,30.2,31.2,within,within,above,above,below,within,below,below,above,Crop_Hort
Auckland,Granular,6.41,2.03,0.19,13.2,181,1.16,11.9,12.83,within,within,within,above,below,within,below,below,within,Crop_Hort
Auckland,Allophanic,6.31,5.73,0.49,108,150,1.03,5.7,7.97,within,within,below,above,within,within,within,within,below,Crop_Hort
Auckland,Recent,6.2,12.588,0.793,139.521,63.576,0.763,10.6,12.467,within,within,within,above,within,within,within,within,within,Crop_Hort
Auckland,Ultic,6.11,4.98,0.39,150,15,1.01,5.2,8.06,within,within,below,below,within,within,within,within,below,Crop_Hort
Auckland,Ultic,5.99,4.763,0.403,97.778,22.677,0.887,8.7,11.833,within,within,within,within,within,within,within,within,within,Crop_Hort
Auckland,Ultic,4.65,6.77,0.241,42,4.48,1.192,9.767,11.5,within,within,within,below,within,within,within,within,within,Forestry
Auckland,Ultic,4.92,5.24,0.202,31,3.914,1.226,12.333,14.133,within,within,within,below,within,within,within,within,within,Forestry
Auckland,Ultic,4.66,5.34,0.191,38,4.637,1.074,15.133,17.4,within,within,within,below,within,within,within,within,within,Forestry
Auckland,Ultic,5.05,6.23,0.309,69,43.057,1.113,12.2,13.733,within,within,within,above,within,within,within,within,within,Forestry
Auckland,Ultic,5.34,4.55,0.258,70,18.477,1.055,12,13.633,within,within,within,within,within,within,within,within,within,Forestry
Auckland,Ultic,4.75,7.59,0.403,107,5.151,0.824,19.367,21.833,within,within,within,within,within,within,within,within,within,Forestry
Auckland,Recent,6.09,5.128,0.421,39.362,39.149,0.94,21.5,24.5,within,within,within,within,within,within,within,within,within,Crop_Hort
Auckland,Gley,6.19,4.34,0.33,81.1,115,1.28,2.5,4.76,within,within,below,above,within,within,within,within,below,Crop_Hort
Auckland,Gley,5.8,3.471,0.24,90.714,144,1.4,7.8,7.83,within,within,below,above,within,within,within,within,below,Crop_Hort
Auckland,Organic,6.82,16.111,1.34,171.111,77.778,0.45,7.6,10.197,within,within,within,above,within,within,within,within,within,Crop_Hort
Auckland,Recent,5.34,3.83,0.31,40,112.3,1,21.9,23.997,within,within,within,above,within,within,within,within,within,Crop_Hort
Auckland,Recent,7.2,5.22,0.36,71.6,44,1.21,1.6,3.83,within,within,below,within,within,within,within,within,below,Crop_Hort
Auckland,Ultic,4.67,4.6,0.3,39.8,33.8,1.05,12.6,13.84,within,within,within,above,within,within,within,within,within,Forestry
Auckland,Ultic,5.3,7.11,0.29,87,7,0.993,16.933,18.933,within,within,within,within,within,within,within,within,within,Forestry
Auckland,Allophanic,6.58,6.53,0.56,84.884,22.3,0.86,15.4,19.62,within,within,within,within,within,within,within,within,within,Crop_Hort
Auckland,Allophanic,6.88,4.39,0.35,25.8,44,0.9,20.1,24.4,within,within,within,within,within,within,within,within,within,Crop_Hort
Auckland,Allophanic,6.17,6.549,0.587,108.791,52.857,0.91,15.6,17.63,within,within,within,above,within,within,within,within,within,Crop_Hort
Auckland,Granular,6.27,5.794,0.46,40.206,40.412,0.97,13.8,14.703,within,within,within,within,within,within,within,within,within,Crop_Hort
Auckland,Recent,6.38,6.146,0.423,65.049,97.476,1.03,8.3,9.9,within,within,below,above,within,within,within,within,below,Crop_Hort
Auckland,Recent,5.97,4.74,0.31,82.1,86,1.21,1.5,3.87,within,within,below,above,within,within,within,within,below,Crop_Hort
Auckland,Ultic,6.33,3.909,0.282,152.525,17,0.99,2.4,4.197,within,within,below,below,within,within,within,within,below,Crop_Hort
Auckland,Ultic,5.84,4.948,0.403,157.732,16,0.97,17.1,18.8,within,within,within,below,within,within,within,within,within,Crop_Hort
Auckland,Ultic,5.77,5.108,0.371,154.839,17,0.93,10.4,12.363,within,within,within,below,within,within,within,within,within,Crop_Hort
Auckland,Brown,5.94,5.771,0.484,227.619,44,1.05,8.6,10.9,within,within,within,within,within,within,within,within,within,Crop_Hort
Auckland,Allophanic,6.81,5.79,0.47,72.2,61,1.07,6.9,8.7,within,within,below,above,within,within,within,within,below,Crop_Hort
Auckland,Allophanic,6.57,6.073,0.47,138.542,63,0.96,17.5,19.397,within,within,within,above,within,within,within,within,within,Crop_Hort
Auckland,Allophanic,6.53,5.313,0.428,50.029,84.032,0.97,21.233,22.733,within,within,within,above,within,within,within,within,within,Crop_Hort
Auckland,Allophanic,6.68,4.84,0.41,115,42,1.07,15.4,18.2,within,within,within,within,within,within,within,within,within,Crop_Hort
Auckland,Allophanic,5.45,4.852,0.417,,12.823,0.923,20.167,22.233,within,within,within,below,within,within,,,within,Crop_Hort
Auckland,Allophanic,6.09,7.55,0.65,135,29,0.98,4.3,7.97,within,within,below,within,within,within,within,within,below,Crop_Hort
Auckland,Granular,7.02,5.05,0.45,90.9,21,1.06,12.6,14.67,within,within,within,within,within,within,within,within,within,Crop_Hort
Auckland,Granular,6.36,5.602,0.46,144.578,18,0.83,24.9,26.467,within,within,within,below,within,within,within,within,within,Crop_Hort
Auckland,Granular,7.2,4.056,0.378,48.441,47.746,0.977,20.733,22.367,within,within,within,above,within,within,within,within,within,Crop_Hort
Auckland,Organic,6.41,20,0.82,62.6,27,0.63,6.7,8.17,within,within,below,within,within,within,within,within,below,Crop_Hort
Auckland,Organic,6.4,19.932,0.803,59.459,30,0.74,10.5,5.3,within,within,below,within,within,within,within,within,below,Crop_Hort
Auckland,Organic,6.2,14.456,0.682,164.775,26.715,0.653,13.867,17.567,within,within,within,within,within,within,within,within,within,Crop_Hort
Auckland,Ultic,6.2,4.63,0.32,102,15,1.02,2.8,5.23,within,within,below,below,within,within,within,within,below,Crop_Hort
Auckland,Ultic,5.57,5.33,0.45,105,19,1.07,7.3,7.13,within,within,below,below,within,within,within,within,below,Crop_Hort
Auckland,Ultic,5.64,4.361,0.381,78.57,18.54,1.023,9.633,11.067,within,within,within,below,within,within,within,within,within,Crop_Hort
Auckland,Ultic,4.75,6.68,0.393,94,67.91,0.946,12.333,14.733,within,within,within,above,within,within,within,within,within,Forestry
Auckland,Recent,5.72,4.203,0.264,61.798,5.056,0.89,27.6,38.837,within,within,above,within,within,within,within,within,above,Forestry
Auckland,Recent,5.58,1.28,0.05,18,9,1.293,31.233,37.867,within,within,above,within,below,below,below,below,above,Forestry
Auckland,Recent,6.07,0.547,0.027,0.139,9.236,1.44,31.93,40.703,within,above,above,within,below,below,below,below,above,Forestry
Auckland,Recent,5.89,0.923,0.041,8.824,5.784,1.02,42.93,48.933,within,within,above,within,below,below,below,below,above,Forestry
Auckland,Recent,4.96,1.63,0.06,10,15,1.563,28.767,35.967,within,above,above,within,below,below,below,below,above,Forestry
Auckland,Allophanic,6.24,4.802,0.384,162.069,14,1.16,13.9,15.73,within,within,within,below,within,within,within,within,within,Crop_Hort
Auckland,Allophanic,5.76,5.767,0.461,78.448,72,1.16,0.3,1.167,within,within,below,above,within,within,within,within,below,Crop_Hort
Auckland,Ultic,5.08,5.7,0.22,34,21,1.105,6,6.45,within,within,below,within,within,within,within,within,below,Forestry
Auckland,Ultic,4.56,5.22,0.31,47,20,0.86,6.467,9.3,within,within,within,within,within,within,within,within,within,Forestry
Auckland,Ultic,5.69,5.15,0.25,81,5,1.155,4.8,6.85,within,within,below,within,within,within,within,within,below,Forestry
Auckland,Brown,6.37,4.14,0.36,83,32,0.907,28.067,36.867,within,within,above,above,within,within,within,within,above,Forestry
Auckland,Brown,5.89,3.92,0.28,68,10,1.003,20.967,28.633,within,within,within,within,within,within,within,within,within,Forestry
Auckland,Brown,5.51,3.26,0.22,91,5,1.03,7.9,10,within,within,within,within,within,within,within,within,within,Forestry
Auckland,Ultic,4.95,7.07,0.39,132,7,0.71,23.95,25.8,within,within,within,within,within,within,within,within,within,Forestry
Auckland,Recent,5.77,1.85,0.1,38,12,1.49,31.5,38.2,within,above,above,within,below,within,within,below,above,Forestry
Auckland,Ultic,5.06,7.02,0.27,69,7,1.065,12.95,14.4,within,within,within,within,within,within,within,within,within,Forestry
Auckland,Ultic,4.85,4.8,0.18,27,4,1.17,20.4,21.967,within,within,within,below,within,within,within,within,within,Forestry
Auckland,Ultic,4.96,3.5,0.17,57,5,1.283,5.633,7.267,within,within,below,within,within,within,within,within,below,Forestry
Auckland,Ultic,5.04,4.38,0.2,41,18,1.19,11.367,12.533,within,within,within,within,within,within,within,within,within,Forestry
Auckland,Ultic,6.24,3.387,0.239,69.708,15.923,1.173,6.867,9.4,within,within,below,below,within,within,within,within,below,Crop_Hort
Auckland,Granular,6.43,1.807,0.185,7.007,347.932,1.063,20.1,21.767,within,within,within,above,below,within,below,below,within,Crop_Hort
Auckland,Granular,6.13,2.474,0.216,9.317,147.596,1.163,14.967,16.367,within,within,within,above,below,within,below,below,within,Crop_Hort
Auckland,Granular,6.22,4.276,0.418,44.801,73.112,1,15.967,17.4,within,within,within,above,within,within,within,within,within,Crop_Hort
Auckland,Granular,7.07,1.977,0.156,7.211,187.25,0.977,26.967,28.567,within,within,within,above,below,within,below,below,within,Crop_Hort
Auckland,Ultic,6.62,4.213,0.342,78.304,11.16,1.04,11.733,13.767,within,within,within,below,within,within,within,within,within,Crop_Hort
Auckland,Gley,6.36,3.045,0.213,22.031,73.007,1.35,2.433,3.433,within,within,below,above,within,within,within,within,below,Crop_Hort
Auckland,Ultic,6.28,4.003,0.321,95.811,28.208,1.15,3.567,5.9,within,within,below,within,within,within,within,within,below,Crop_Hort
Auckland,Granular,6.89,2.36,0.211,17.976,360.628,1.063,21.667,22.867,within,within,within,above,below,within,below,below,within,Crop_Hort
Auckland,Gley,6.05,3.072,0.208,30.121,56.325,1.407,1,1.333,within,above,below,above,within,within,within,within,mix,Crop_Hort
Auckland,Gley,5.97,4.051,0.34,85.896,132.736,0.95,15.8,18.233,within,within,within,above,within,within,within,within,within,Crop_Hort
Bay of Plenty,Recent,6.7,5.2,0.48,225,,0.947,9.3,11.233,within,within,within,above,within,within,within,within,within,Crop_Hort
Bay of Plenty,Recent,6.52,10.671,0.626,115,96.393,0.976,8,9.867,within,within,below,above,within,within,within,within,below,Crop_Hort
Bay of Plenty,Pumice,6.6,6.2,0.56,127,,0.85,14.533,16.7,within,within,within,above,within,within,within,within,within,Crop_Hort
Bay of Plenty,Pumice,6.46,10.299,0.685,138,61.11,0.739,19.9,23.633,within,within,within,above,within,within,within,within,within,Crop_Hort
Bay of Plenty,Recent,5.9,2.4,0.2,57,,1.297,9.433,11.533,within,within,within,above,within,within,within,within,within,Crop_Hort
Bay of Plenty,Recent,6.15,5.548,0.437,32,89.783,1.152,11.4,14.2,within,within,within,above,within,within,within,within,within,Crop_Hort
Bay of Plenty,Pumice,6.4,6.2,0.58,126,,0.86,12.567,15.633,within,within,within,above,within,within,within,within,within,Crop_Hort
Bay of Plenty,Pumice,6.48,5.121,0.457,86,82.793,0.956,10.8,13.767,within,within,within,above,within,within,within,within,within,Crop_Hort
Bay of Plenty,Allophanic,6.3,7.5,0.75,167,,0.827,10.967,13.433,within,within,within,above,within,within,within,within,within,Crop_Hort
Bay of Plenty,Allophanic,6.26,7.051,0.633,204,26.027,0.73,16.4,18.567,within,within,within,within,within,within,within,within,within,Crop_Hort
Bay of Plenty,Recent,6.32,4.824,0.441,34,46.08,0.75,,,within,within,,above,within,within,within,within,,Crop_Hort
Bay of Plenty,Recent,5.8,2,0.22,62,,1.143,10.733,12.2,within,within,within,within,within,within,within,within,within,Crop_Hort
Bay of Plenty,Recent,6.6,11.528,0.616,98,88.267,0.86,12.7,14.7,within,within,within,above,within,within,within,within,within,Crop_Hort
Bay of Plenty,Recent,5.8,3.2,,76,,0.99,18.8,20.967,within,within,within,above,within,,within,,within,Crop_Hort
Bay of Plenty,Recent,6.01,10.285,0.742,44,57.541,0.797,28.7,31.133,within,within,above,above,within,within,within,within,above,Crop_Hort
Bay of Plenty,Recent,5.7,2.6,0.28,40,,1.06,6.4,8.2,within,within,below,within,within,within,within,within,below,Crop_Hort
Bay of Plenty,Gley,5.83,2.955,0.216,36,28.668,1.081,5.2,8.5,within,within,below,within,within,within,within,within,below,Crop_Hort
Bay of Plenty,Gley,7.9,6,0.31,84,,0.753,33.333,37.6,above,within,above,within,within,within,within,within,above,Crop_Hort
Bay of Plenty,Recent,5.3,4.3,0.31,73,,1.01,18.6,21.2,within,within,within,above,within,within,within,within,within,Crop_Hort
Canterbury,Brown,6.1,3.3,0.32,115,18,1.3,,6,within,within,below,below,within,within,within,within,below,Crop_Hort
Canterbury,Brown,5.4,3.8,0.31,59,23,0.9,,28,within,within,within,within,within,within,within,within,within,Crop_Hort
Canterbury,Brown,5.5,3.5,0.34,107,19,1.2,,11,within,within,within,below,within,within,within,within,within,Crop_Hort
Canterbury,Brown,6.4,2.3,0.24,54,20,1.5,,10,within,above,within,within,below,within,within,below,above,Crop_Hort
Canterbury,Brown,6,2.7,0.27,70,20,1.3,,18,within,within,within,within,within,within,within,within,within,Crop_Hort
Canterbury,Brown,5.1,4.1,0.17,40,7,0.9,,37,within,within,above,within,within,within,within,within,above,Forestry
Canterbury,Brown,4.9,3.4,0.2,48,9,1.1,,,within,within,,within,within,within,within,within,,Forestry
Canterbury,Brown,4.7,3.9,0.19,29,17,0.9,,,within,within,,within,within,within,within,within,,Forestry
Canterbury,Brown,5.6,6,0.24,47,27,0.8,,41,within,within,above,within,within,within,within,within,above,Forestry
Canterbury,Brown,5.5,5.4,0.2,25,18,0.8,,45,within,within,above,within,within,within,within,within,above,Forestry
Canterbury,Brown,4.5,2.6,0.19,54,3,1.1,,15,within,within,within,below,within,within,within,within,within,Forestry
Canterbury,Brown,5.5,2.5,0.18,57,22,1.2,,11,within,within,within,within,within,within,within,within,within,Forestry
Hawke's Bay,Brown,5.7,5.6,0.57,85,,1.017,14.04,16.683,within,within,within,above,within,within,within,within,within,Crop_Hort
Hawke's Bay,Organic,6.9,8.2,0.76,162,,0.773,5.823,8.4,within,within,below,above,within,within,within,within,below,Crop_Hort
Hawke's Bay,Organic,7.4,22,1.93,237,,0.572,13.92,16.28,within,within,within,above,within,within,within,within,within,Crop_Hort
Hawke's Bay,Gley,7.3,4.6,0.43,106,,1.262,6.087,7.941,within,within,below,within,within,within,within,within,below,Crop_Hort
Hawke's Bay,Gley,4.9,2.2,0.23,39,,1.221,14.446,16.124,below,within,within,within,below,within,within,below,within,Crop_Hort
Hawke's Bay,Pallic,5.8,4.9,0.44,110,,1.119,15.537,17.907,within,within,within,within,within,within,within,within,within,Crop_Hort
Hawke's Bay,Recent,7.6,1.6,0.18,42,,1.263,18.083,21.321,within,within,within,above,below,within,within,below,within,Crop_Hort
Hawke's Bay,Recent,6.6,3,0.3,62,,1.19,9.802,11.272,within,within,within,above,within,within,within,within,within,Crop_Hort
Hawke's Bay,Recent,6.6,3.8,0.39,111,,1.18,10.752,12.262,within,within,within,within,within,within,within,within,within,Crop_Hort
Hawke's Bay,Recent,6,2.2,0.23,46,,1.33,11.851,13.699,within,within,within,within,within,within,within,within,within,Crop_Hort
Hawke's Bay,Recent,6.3,2.8,0.3,77,,1.31,14.17,15.683,within,within,within,below,within,within,within,within,within,Crop_Hort
Hawke's Bay,Recent,5.8,2.3,0.25,65,,1.42,11.288,14.355,within,above,within,above,within,within,within,within,above,Crop_Hort
Hawke's Bay,Recent,6.5,2.2,0.21,60,,1.31,15.663,18.859,within,within,within,below,within,within,within,within,within,Crop_Hort
Hawke's Bay,Recent,6.7,3.2,0.32,60,,1.13,10.371,12.027,within,within,within,within,within,within,within,within,within,Crop_Hort
Hawke's Bay,Recent,7,2.5,0.26,56,,1.25,10.933,12.728,within,within,within,within,within,within,within,within,within,Crop_Hort
Hawke's Bay,Recent,6.7,2.3,0.25,68,,1.33,9.686,11.621,within,within,within,above,within,within,within,within,within,Crop_Hort
Hawke's Bay,Gley,6.3,1.6,0.2,23,,1.378,13.709,15.883,within,within,within,above,below,within,within,below,within,Crop_Hort
Hawke's Bay,Recent,6.8,4.5,0.42,122,,1.17,9.124,10.148,within,within,within,below,within,within,within,within,within,Crop_Hort
Hawke's Bay,Recent,6.3,2,0.24,63,,1.27,13.252,15.067,within,within,within,above,within,within,within,within,within,Crop_Hort
Hawke's Bay,Gley,5.5,3.1,0.35,91,,1.115,18.81,21.665,within,within,within,within,within,within,within,within,within,Crop_Hort
Hawke's Bay,Recent,6.3,3,0.3,83,,1.232,11.524,12.99,within,within,within,within,within,within,within,within,within,Crop_Hort
Hawke's Bay,Pumice,6.1,6.5,0.3,86,,0.497,38.203,44.296,within,below,above,below,within,within,within,within,mix,Forestry
Hawke's Bay,Organic,5.05,3.171,0.32,63,41,1.05,22,,within,above,,above,within,within,within,within,,Crop_Hort
Hawke's Bay,Recent,6.03,2.303,0.21,47,24,1.19,19.3,,within,within,,within,within,within,within,within,,Crop_Hort
Hawke's Bay,Recent,6.8,3.5,0.305,74,109,0.92,34.38,,within,within,,above,within,within,within,within,,Crop_Hort
Hawke's Bay,Recent,6.02,10.301,0.808,91,27,0.73,23.2,,within,within,,within,within,within,within,within,,Crop_Hort
Hawke's Bay,Pumice,5.8,7.3,0.51,84,,0.594,31.204,38.288,within,below,above,below,within,within,within,within,mix,Forestry
Hawke's Bay,Pumice,5.5,5.4,0.27,118,,0.89,20.925,24.585,within,within,within,below,within,within,within,within,within,Forestry
Hawke's Bay,Pumice,5.8,4.5,0.31,70,,0.857,30.355,34.272,within,within,above,within,within,within,within,within,above,Forestry
Hawke's Bay,Pallic,5.5,3.6,0.4,117,,0.91,19.749,22.21,within,within,within,within,within,within,within,within,within,Forestry
Hawke's Bay,Pumice,5.8,3.6,0.3,59,,1.023,21.817,26.914,within,within,within,within,within,within,within,within,within,Forestry
Hawke's Bay,Recent,6.8,4.1,0.4,117,,1.24,11.629,13.269,within,within,within,below,within,within,within,within,within,Crop_Hort
Hawke's Bay,Recent,5.72,2.676,0.245,34,55,1.11,18.8,,within,within,,above,within,within,within,within,,Crop_Hort
Hawke's Bay,Recent,6.41,1.97,0.16,71,98,1.33,10.1,,within,within,,above,below,within,within,below,,Crop_Hort
Hawke's Bay,Pumice,5.6,4.8,0.38,110,,0.831,15.384,19.74,within,within,within,below,within,within,within,within,within,Crop_Hort
Hawke's Bay,Recent,6.7,4.5,0.44,125,,1.15,7.481,8.344,within,within,below,above,within,within,within,within,below,Crop_Hort
Hawke's Bay,Brown,7.6,3.4,0.31,50,,1.14,16.843,20.276,within,within,within,above,within,within,within,within,within,Crop_Hort
Hawke's Bay,Brown,5.9,7.1,0.71,127,,0.81,25.022,30.266,within,within,above,below,within,within,within,within,above,Crop_Hort
Hawke's Bay,Brown,6.7,5.4,0.5,76,,0.88,21.29,25.407,within,within,within,below,within,within,within,within,within,Crop_Hort
Hawke's Bay,Recent,6.5,2.7,0.29,97,,1.38,12.888,14.314,within,within,within,within,within,within,within,within,within,Crop_Hort
Hawke's Bay,Recent,5.9,1.7,0.21,51,,1.25,14.725,16.231,within,within,within,within,below,within,within,below,within,Crop_Hort
Hawke's Bay,Pallic,6.4,3,0.27,58,,1.302,14.883,18.657,within,within,within,within,within,within,within,within,within,Forestry
Hawke's Bay,Brown,6.5,3.8,0.38,64,,1.07,19.895,25.259,within,within,within,above,within,within,within,within,within,Crop_Hort
Hawke's Bay,Recent,6.3,4.4,0.4,144,,1.14,18.083,19.089,within,within,within,within,within,within,within,within,within,Crop_Hort
Hawke's Bay,Recent,6.7,5.2,0.49,141,,1.03,10.597,11.369,within,within,within,within,within,within,within,within,within,Crop_Hort
Hawke's Bay,Recent,6.7,4.4,0.44,96,,1.08,7.901,8.462,within,within,below,within,within,within,within,within,below,Crop_Hort
Hawke's Bay,Recent,6.8,3.9,0.4,115,,1.01,20.05,21.956,within,within,within,below,within,within,within,within,within,Crop_Hort
Hawke's Bay,Recent,7,3.4,0.34,72,,1.21,6.936,8.04,within,within,below,within,within,within,within,within,below,Crop_Hort
Hawke's Bay,Recent,6.6,4.7,0.43,131,,1.11,6.827,7.875,within,within,below,within,within,within,within,within,below,Crop_Hort
Hawke's Bay,Recent,6.7,4.1,0.4,96,,1.09,7.095,7.957,within,within,below,above,within,within,within,within,below,Crop_Hort
Hawke's Bay,Recent,5.9,3.6,0.36,111,,1.41,6.819,7.623,within,above,below,above,within,within,within,within,mix,Crop_Hort
Hawke's Bay,Brown,5.8,7.6,0.55,63,,0.851,25.657,29.588,within,within,within,within,within,within,within,within,within,Forestry
Hawke's Bay,Recent,6.6,4.5,0.45,168,,1,16.207,16.867,within,within,within,within,within,within,within,within,within,Crop_Hort
Hawke's Bay,Brown,6,8.9,0.44,145,,0.701,29.237,33.505,within,within,above,below,within,within,within,within,above,Forestry
Hawke's Bay,Recent,7,2.5,0.26,53,,1.09,23.05,26.289,within,within,within,within,within,within,within,within,within,Crop_Hort
Hawke's Bay,Pallic,5.4,3.5,0.37,107,,1.146,15.323,17.173,within,within,within,above,within,within,within,within,within,Forestry
Hawke's Bay,Pallic,5.4,4,0.42,122,,0.903,28.271,31.971,within,within,above,above,within,within,within,within,above,Forestry
Hawke's Bay,Pallic,5.4,3.7,0.33,93,,1.183,12.384,15.638,within,within,within,within,within,within,within,within,within,Forestry
Hawke's Bay,Recent,6.8,2.7,0.31,74,,,,,within,,,within,within,within,within,within,,Crop_Hort
Hawke's Bay,Recent,6.6,2,0.21,47,,,,,within,,,below,within,within,within,within,,Crop_Hort
Hawke's Bay,Recent,6.4,3.6,0.35,134,,1.22,17.971,20.531,within,within,within,within,within,within,within,within,within,Crop_Hort
Manawatu-Wanganui,Recent,6.42,2.957,0.307,67,38.02,1.227,10.767,11.967,within,within,within,within,within,within,within,within,within,Crop_Hort
Manawatu-Wanganui,Recent,6.68,3.112,0.308,72,27.74,1.338,3.467,5.333,within,within,below,within,within,within,within,within,below,Crop_Hort
Manawatu-Wanganui,Brown,7.75,3.793,0.343,21,256.863,1.078,17.333,19.267,above,within,within,above,within,within,within,within,within,Crop_Hort
Manawatu-Wanganui,Brown,6.15,9.538,0.81,137.824,62.457,0.762,21.15,23.9,within,within,within,above,within,above,within,above,within,Forestry
Manawatu-Wanganui,Recent,5.96,4.597,0.48,97.622,30.246,1.074,5.767,9.2,within,within,below,within,within,within,within,within,below,Crop_Hort
Manawatu-Wanganui,Recent,6.26,3.814,0.389,120.982,18.481,1.363,0.5,0.5,within,within,below,below,within,within,within,within,below,Crop_Hort
Manawatu-Wanganui,Gley,5.61,3.848,0.338,110.014,39.833,1.113,3.8,6.167,within,within,below,within,within,within,within,within,below,Crop_Hort
Manawatu-Wanganui,Gley,5.59,4.482,0.453,186.566,49.73,1.092,7.433,9.5,within,within,below,above,within,within,within,within,below,Crop_Hort
Manawatu-Wanganui,Gley,5.15,8.948,0.753,190,107.858,0,0,0,within,below,below,above,within,above,within,above,below,Forestry
Manawatu-Wanganui,Recent,6.56,4.394,0.467,150.293,77.034,1.126,2.267,3.933,within,within,below,above,within,within,within,within,below,Crop_Hort
Manawatu-Wanganui,Brown,6.24,3.289,0.312,26,87.57,1.013,19.4,22.033,within,within,within,above,within,within,within,within,within,Crop_Hort
Manawatu-Wanganui,Gley,5.92,3.57,0.366,93.431,24.469,1.26,1.733,2.633,within,within,below,within,within,within,within,within,below,Crop_Hort
Manawatu-Wanganui,Gley,5.49,6.259,0.54,121.517,90.849,0.71,20.467,22.867,within,within,within,above,within,within,within,within,within,Forestry
Manawatu-Wanganui,Brown,6.53,2.557,0.255,36,205.599,1.085,23.7,25.967,within,within,within,above,within,within,within,within,within,Crop_Hort
Marlborough,Recent,6.7,2.1,0.22,72,,1.34,6.8,8.5,within,within,below,below,within,within,within,within,below,Crop_Hort
Marlborough,Recent,6.5,2,0.21,49,,1.45,9.6,11.8,within,above,within,below,within,within,within,within,above,Crop_Hort
Marlborough,Recent,6.7,3.8,0.39,106,,1.51,2.9,5.4,within,above,below,within,within,within,within,within,mix,Crop_Hort
Marlborough,Recent,6.6,3.9,0.4,122,,1.37,,2.2,within,within,below,within,within,within,within,within,below,Crop_Hort
Marlborough,Brown,5.8,2.6,0.28,56,,1.36,6.9,10.2,within,within,within,below,within,within,within,within,within,Crop_Hort
Marlborough,Brown,5.9,2.8,0.31,84,,1.39,6.1,7.6,within,within,below,within,within,within,within,within,below,Crop_Hort
Marlborough,Pallic,5.9,2.8,0.29,51,,1.34,9.6,13.1,within,within,within,below,within,within,within,within,within,Crop_Hort
Marlborough,Pallic,6,3.1,0.32,88,,1.31,7.4,8.9,within,within,below,within,within,within,within,within,below,Crop_Hort
Marlborough,Brown,6.9,3.2,0.31,155,,1.32,3.7,3.8,within,within,below,within,within,within,within,within,below,Crop_Hort
Marlborough,Brown,7,4,0.36,122,,1.2,1.5,2.9,within,within,below,within,within,within,within,within,below,Crop_Hort
Marlborough,Pallic,6,3.5,0.3,75,,1.28,9.3,11.6,within,within,within,within,within,within,within,within,within,Crop_Hort
Marlborough,Pallic,6.3,3.4,0.35,63,,1.25,11.9,14.2,within,within,within,below,within,within,within,within,within,Crop_Hort
Marlborough,Pallic,6.1,3.6,0.35,88,,1.14,11.5,14.3,within,within,within,below,within,within,within,within,within,Crop_Hort
Marlborough,Pallic,6.2,4.1,0.39,101,,1.05,15.4,18.5,within,within,within,below,within,within,within,within,within,Crop_Hort
Marlborough,Brown,6.7,2.7,0.28,118,,1.27,9.1,10.8,within,within,within,within,within,within,within,within,within,Crop_Hort
Marlborough,Brown,7.2,2.7,0.23,53,,1.28,8.9,10.4,within,within,within,within,within,within,within,within,within,Crop_Hort
Marlborough,Brown,6.8,4,0.38,153,,1.13,6.9,8.9,within,within,below,below,within,within,within,within,below,Crop_Hort
Marlborough,Pallic,6.6,4,0.41,145,,1.09,7.9,10.3,within,within,within,within,within,within,within,within,within,Crop_Hort
Marlborough,Pallic,6.8,4.4,0.41,105,,1.06,9.7,11.5,within,within,within,within,within,within,within,within,within,Crop_Hort
Marlborough,Pallic,6.7,2.8,0.3,60,,1.32,8.4,10,within,within,within,within,within,within,within,within,within,Crop_Hort
Marlborough,Pallic,6.2,2.7,0.26,86,,1.29,6.4,8.3,within,within,below,within,within,within,within,within,below,Crop_Hort
Marlborough,Pallic,6.9,3.5,0.39,84,,1.4,1.6,3.3,within,within,below,above,within,within,within,within,below,Crop_Hort
Marlborough,Pallic,6.4,4,0.41,124,,1.35,4.7,5,within,within,below,within,within,within,within,within,below,Crop_Hort
Marlborough,Brown,4.9,7.1,0.45,104,,0.8,31.5,36.5,within,within,above,within,within,within,within,within,above,Forestry
Marlborough,Brown,4.9,7.4,0.53,88,,0.79,24.7,29.4,within,within,within,within,within,within,within,within,within,Forestry
Marlborough,Pallic,6,2.3,0.23,74,,1.4,4.2,5.7,within,within,below,below,within,within,within,within,below,Crop_Hort
Marlborough,Pallic,5.6,2.5,0.28,116,,1.33,4.4,5.6,within,within,below,within,within,within,within,within,below,Crop_Hort
Marlborough,Pallic,6.5,2.6,0.22,121,,1.3,5.1,6.7,within,within,below,below,within,within,within,within,below,Crop_Hort
Marlborough,Pallic,7,2.9,0.29,113,,1.35,1.6,3.3,within,within,below,below,within,within,within,within,below,Crop_Hort
Marlborough,Pallic,6.5,2.5,0.26,107,,1.4,3,4.2,within,within,below,below,within,within,within,within,below,Crop_Hort
Marlborough,Pallic,6.7,3,0.26,96,,1.4,5.8,7.6,within,within,below,within,within,within,within,within,below,Crop_Hort
Marlborough,Pallic,6.7,5.1,0.44,128,,1,8.7,11.4,within,within,within,within,within,within,within,within,within,Crop_Hort
Marlborough,Pallic,6.4,5.1,0.54,132,,1.1,9.8,13.3,within,within,within,within,within,within,within,within,within,Crop_Hort
Marlborough,Pallic,6.5,4.1,0.35,92,,1.2,16.3,19,within,within,within,within,within,within,within,within,within,Crop_Hort
Marlborough,Pallic,6.9,4.8,0.5,163,,1.07,12.5,16.8,within,within,within,within,within,within,within,within,within,Crop_Hort
Marlborough,Pallic,5.8,2.6,0.26,49,,1.49,4.2,5.9,within,above,below,within,within,within,within,within,mix,Crop_Hort
Marlborough,Pallic,6.4,2.7,0.29,51,,1.42,3.5,5,within,above,below,within,within,within,within,within,mix,Crop_Hort
Marlborough,Recent,6.2,1.9,0.2,49,,1.46,9,12,within,above,within,within,below,within,within,below,above,Crop_Hort
Marlborough,Recent,6,1.4,0.15,33,,1.42,8.8,13.2,within,above,within,within,below,within,within,below,above,Crop_Hort
Marlborough,Pallic,5.4,4,0.34,107,,1.04,19.9,26.1,within,within,within,within,within,within,within,within,within,Forestry
Marlborough,Pallic,5.5,3.6,0.27,83,,0.96,23.6,27.8,within,within,within,within,within,within,within,within,within,Forestry
Marlborough,Pallic,6,1.9,0.21,44,,1.47,7.9,10.1,within,above,within,within,below,within,within,below,above,Crop_Hort
Marlborough,Pallic,6.7,3.4,0.36,73,,1.55,1,1,within,above,below,above,within,within,within,within,mix,Crop_Hort
Marlborough,Pallic,6.5,2.4,0.28,57,,1.6,1.3,2.1,within,above,below,within,within,within,within,within,mix,Crop_Hort
Marlborough,Pallic,6.2,1.9,0.22,39,,1.48,5,8.7,within,above,below,within,below,within,within,below,mix,Crop_Hort
Marlborough,Brown,5.2,4.2,0.3,84,,1.1,19.1,20.8,within,within,within,within,within,within,within,within,within,Forestry
Marlborough,Brown,5.1,3.2,0.24,69,,1.1,13.5,15.6,within,within,within,below,within,within,within,within,within,Forestry
Marlborough,Pallic,6,2.6,0.25,56,,1.38,17.1,19.2,within,within,within,within,within,within,within,within,within,Forestry
Marlborough,Pallic,5.9,2.6,0.16,65,,1.2,27,28.6,within,within,within,within,within,within,within,within,within,Forestry
Northland,Brown,5.07,57.6,3.4,47,16,0.94,22.9,23.8,within,within,within,within,within,above,within,above,within,Forestry
Northland,Brown,4.99,49.2,2.53,60,13,0.73,34.5,35.733,within,within,above,within,within,above,within,above,above,Forestry
Northland,Brown,5.1,8.637,0.41,75.297,16.509,0.74,33.7,34.933,within,within,above,within,within,within,within,within,above,Forestry
Northland,Brown,5.3,6.2,3.4,94,27,0.9,20,,within,within,,within,within,above,within,above,,Forestry
Northland,Allophanic,7.2,50.4,3.8,41,40,1.22,5.2,8.233,within,within,below,within,within,within,within,within,below,Crop_Hort
Northland,Allophanic,7.25,39.9,2.48,29,18,0.86,30.7,36.033,within,within,above,below,within,within,within,within,above,Crop_Hort
Northland,Allophanic,6.47,5.892,0.474,112.861,15.65,0.983,12.667,17.267,within,within,within,below,within,within,within,within,within,Crop_Hort
Northland,Allophanic,7.1,5.09,3.8,83,31,1.1,3.1,,within,within,,within,within,within,within,within,,Crop_Hort
Northland,Allophanic,6.36,40.6,2.2,55,6,0.8,30.5,38.033,within,within,above,within,within,above,within,above,above,Forestry
Northland,Allophanic,6.28,40.5,2.07,54,9,0.91,26.7,30.1,within,within,above,within,within,above,within,above,above,Forestry
Northland,Allophanic,6.17,5.395,0.285,58.143,8.404,0.863,29.367,35.033,within,within,above,within,within,within,within,within,above,Forestry
Northland,Allophanic,6.1,4.9,2.3,52,7,1,25,,within,within,,within,within,above,within,above,,Forestry
Northland,Ultic,4.46,63.2,4,50,8,1,23.8,24.733,within,within,within,within,within,above,within,above,within,Forestry
Northland,Ultic,4.93,54.2,4.07,118,22,0.91,26.8,27.267,within,within,within,within,within,above,within,above,within,Forestry
Northland,Ultic,4.47,5.941,0.388,50.753,12.217,0.993,25.867,27.667,within,within,within,within,within,within,within,within,within,Forestry
Northland,Ultic,5,5.2,3.6,57,31,1,15.5,,within,within,,above,within,above,within,above,,Forestry
Northland,Brown,4.97,54.5,3,66,24,0.96,22,23.7,within,within,within,within,within,above,within,above,within,Forestry
Northland,Brown,4.95,71.8,3.82,146,13,0.92,25.4,26.733,within,within,within,within,within,above,within,above,within,Forestry
Northland,Brown,5.14,4.11,0.254,82.578,5.512,1.103,17.067,18.4,within,within,within,within,within,within,within,within,within,Forestry
Northland,Brown,4.9,5.5,2.8,83,10,1,15.7,,within,within,,within,within,above,within,above,,Forestry
Northland,Granular,4.98,80,3.4,90,18,0.84,14.3,15.433,within,within,within,within,within,above,within,above,within,Forestry
Northland,Granular,5.31,78.6,3.75,123,6,0.86,8.8,10.167,within,within,within,within,within,above,within,above,within,Forestry
Northland,Granular,5.12,8.058,0.382,139.096,4.664,0.82,16.9,18.233,within,within,within,below,within,within,within,within,within,Forestry
Northland,Granular,4.9,11.5,4.7,167,13,0.8,13.8,,within,within,,within,within,above,within,above,,Forestry
Northland,Allophanic,6.07,61.4,5.2,137,74,1,10.4,12.167,within,within,within,above,within,within,within,within,within,Crop_Hort
Northland,Allophanic,6.17,59.5,5.34,148,77,0.95,14.1,17.1,within,within,within,above,within,within,within,within,within,Crop_Hort
Northland,Allophanic,6.35,6.846,0.635,162.171,71.338,0.803,9.667,12.667,within,within,within,above,within,within,within,within,within,Crop_Hort
Northland,Allophanic,5.7,6.28,5.7,135,77,0.85,19.2,,within,within,,above,within,within,within,within,,Crop_Hort
Southland,Pallic,5.7,4,0.4,205,,1.148,,7.186,within,within,below,within,within,within,within,within,below,Crop_Hort
Southland,Brown,4.8,6.5,0.24,126,1,0.775,,11.906,within,within,within,below,within,within,within,within,within,Forestry
Tasman,Recent,6.46,4.54,0.418,161.515,37.052,1.061,4.533,6.567,within,within,below,within,within,within,within,within,below,Crop_Hort
Tasman,Recent,6.1,2.7,0.25,107,15.08,1.16,1,0.5,within,within,below,below,within,within,within,within,below,Crop_Hort
Tasman,Recent,6.8,1.3,0.13,17,226.3,1.46,11.867,13.4,within,above,within,above,below,within,below,below,above,Crop_Hort
Tasman,Ultic,6.3,4.7,0.39,120,41.42,1.09,5.767,9.9,within,within,below,within,within,within,within,within,below,Crop_Hort
Tasman,Recent,6.48,1.874,0.197,37.298,45.747,1.514,3.5,3.633,within,above,below,above,below,within,within,below,mix,Crop_Hort
Tasman,Recent,7.1,1.523,0.17,33.175,56.556,1.535,7.867,9.6,within,above,below,above,below,within,within,below,mix,Crop_Hort
Tasman,Recent,6.46,3.98,0.368,168.635,43.844,1.185,9.6,12.233,within,within,within,within,within,within,within,within,within,Crop_Hort
Tasman,Recent,5.99,3.252,0.308,110.637,30.533,1.145,4.2,7.233,within,within,below,within,within,within,within,within,below,Crop_Hort
Tasman,Recent,5.87,3.386,0.312,101.392,8.578,1.27,9.95,9.467,within,within,below,below,within,within,within,within,below,Crop_Hort
Tasman,Recent,6.5,2.09,0.2,44,112.378,1.61,4.8,7,within,above,below,above,within,within,within,within,mix,Crop_Hort
Tasman,Recent,5.8,3.7,0.37,139,77.28,1.12,1.233,2.133,within,within,below,above,within,within,within,within,below,Crop_Hort
Tasman,Ultic,6.6,3.17,0.258,69,129.407,1.51,5.3,5.73,within,above,below,above,within,within,within,within,mix,Crop_Hort
Tasman,Recent,5.9,3.64,0.331,59,92.185,1.03,19.7,21.63,within,within,within,above,within,within,within,within,within,Crop_Hort
Waikato,Brown,5.85,5.223,0.26,138.224,5.708,0.962,12.833,14.567,within,within,within,within,within,within,within,within,within,Forestry
Waikato,Brown,5.98,4.991,0.276,110.07,4.4,0.95,4,6.6,within,within,below,below,within,within,within,within,below,Forestry
Waikato,Brown,4.86,6.556,0.484,65.772,23.369,0.928,19.467,21.6,within,within,within,within,within,within,within,within,within,Forestry
Waikato,Brown,6.33,6.172,0.483,194.656,13.87,0.874,3.33,4.63,within,within,below,within,within,within,within,within,below,Forestry
Waikato,Allophanic,5.45,7.699,0.669,66.586,14.317,0.636,19.033,26.433,within,within,within,within,within,within,within,within,within,Forestry
Waikato,Allophanic,5.34,9.084,0.623,173.8,18.854,0.751,6.633,10.7,within,within,within,within,within,within,within,within,within,Forestry
Waikato,Pumice,5.3,7.802,0.408,94.972,2.376,0.474,33.267,39.1,within,below,above,below,within,within,within,within,mix,Forestry
Waikato,Pumice,5.48,7.54,0.38,122.074,2.76,0.495,36.5,42.633,within,below,above,below,within,within,within,within,mix,Forestry
Waikato,Gley,5.73,11.22,0.9,184.483,26,0.58,19.588,23.1,within,below,within,within,within,within,within,within,below,Crop_Hort
Waikato,Allophanic,6.8,10.939,1.078,232.023,28.622,0.703,7.6,10.6,within,within,within,within,within,within,within,within,within,Crop_Hort
Waikato,Allophanic,7.07,8.119,0.738,213.382,52.214,0.74,1.07,2.23,within,within,below,above,within,within,within,within,below,Crop_Hort
Waikato,Podzol,5.17,7.19,0.39,101.754,3,0.57,22.556,26.6,within,below,within,below,within,within,within,within,below,Forestry
Waikato,Podzol,4.28,11.476,0.404,58.218,2.107,0.397,45.267,49.5,within,below,above,below,within,within,within,within,mix,Forestry
Waikato,Podzol,5.56,5.53,0.31,85.185,2,0.54,29.679,35,within,below,above,below,within,within,within,within,mix,Forestry
Waikato,Allophanic,6.63,5.69,0.53,110,42,0.8,21.114,24.9,within,within,within,within,within,within,within,within,within,Crop_Hort
Waikato,Allophanic,6.26,6.929,0.618,158.71,33.158,0.763,5.067,9.967,within,within,below,within,within,within,within,within,below,Crop_Hort
Waikato,Gley,6.88,9.567,0.91,240.493,20.878,0.739,10.867,13.933,within,within,within,within,within,within,within,within,within,Crop_Hort
Waikato,Gley,6.82,8.013,0.758,216.034,48.604,0.81,1.77,2.67,within,within,below,above,within,within,within,within,below,Crop_Hort
Waikato,Granular,6.54,2.2,0.19,12.037,172,1.08,19.079,22.5,within,within,within,above,below,within,below,below,within,Crop_Hort
Waikato,Granular,6.53,2.167,0.189,14.566,210.205,1.124,17.033,19,within,within,within,above,below,within,below,below,within,Crop_Hort
Waikato,Granular,6.53,2.281,0.195,18.922,279.296,1.231,9.933,11.8,within,within,within,above,below,within,below,below,within,Crop_Hort
Waikato,Granular,6.14,3.308,0.285,26.923,52,1.04,19.503,23,within,within,within,above,within,within,within,within,within,Crop_Hort
Waikato,Granular,6.46,3.052,0.267,33.333,132,1.35,0.594,0.7,within,within,below,above,within,within,within,within,below,Crop_Hort
Waikato,Granular,6.42,2.828,0.275,40.646,76.157,1.01,22.667,24.367,within,within,within,above,within,within,within,within,within,Crop_Hort
Waikato,Granular,5.73,3.313,0.315,88.119,140.861,1.27,4.4,5.733,within,within,below,above,within,within,within,within,below,Crop_Hort
Waikato,Brown,6.07,6.844,0.6,77.083,39,0.96,7.886,9.3,within,within,below,within,within,within,within,within,below,Crop_Hort
Waikato,Brown,6.63,6.371,0.564,33.364,60.791,0.827,18.367,23.5,within,within,within,above,within,within,within,within,within,Crop_Hort
Waikato,Gley,5.49,8.143,0.704,79.762,33,0.84,18.147,21.4,within,within,within,within,within,within,within,within,within,Crop_Hort
Waikato,Gley,6.23,9.78,0.802,77.478,35.416,0.811,6.367,7.633,within,within,below,within,within,within,within,within,below,Crop_Hort
Waikato,Gley,6.07,5.543,0.419,63.957,111.01,1.059,3.767,6,within,within,below,above,within,within,within,within,below,Crop_Hort
Waikato,Granular,5.85,3.18,0.34,34.375,39,0.96,22.471,26.5,within,within,within,within,within,within,within,within,within,Crop_Hort
Waikato,Granular,5.79,2.878,0.259,20.312,69.639,1.163,10.133,12.333,within,within,within,above,within,within,within,within,within,Crop_Hort
Waikato,Granular,6.23,2.68,0.237,17.872,76.34,1.152,13.833,15.867,within,within,within,above,within,within,below,below,within,Crop_Hort
Waikato,Allophanic,6.96,5.21,0.524,53.166,88.554,0.702,22.067,28.267,within,within,within,above,within,within,within,within,within,Crop_Hort
Waikato,Allophanic,6.29,6.555,0.635,58,31.903,0.641,20.436,24.1,within,within,within,within,within,within,within,within,within,Crop_Hort
Waikato,Allophanic,6.98,5.36,0.529,86.221,28.152,0.73,12.83,17,within,within,within,within,within,within,within,within,within,Crop_Hort
Waikato,Brown,5.35,7.217,0.497,101.156,15.206,0.94,15,16.77,within,within,within,within,within,within,within,within,within,Forestry
Waikato,Gley,6.14,3.525,0.343,103,108.269,1.094,6.925,8.167,within,within,below,above,within,within,within,within,below,Crop_Hort
Waikato,Ultic,5.08,5.673,0.276,128,6.046,0.917,17.412,20.533,within,within,within,within,within,within,within,within,within,Forestry
Waikato,Ultic,4.7,4.133,0.215,70.459,6.776,1.063,13.567,15.1,within,within,within,within,within,within,within,within,within,Forestry
Waikato,Ultic,5.37,4.533,0.212,82.684,7.481,1.09,13.23,14.63,within,within,within,within,within,within,within,within,within,Forestry
Waikato,Allophanic,5.28,18.241,1.447,146.24,5.799,0.534,15.667,18.433,within,within,within,within,within,above,within,above,within,Forestry
Waikato,Allophanic,5.62,18.164,1.391,268.252,6.327,0.538,3.567,6.8,within,within,below,within,within,above,within,above,below,Forestry
Waikato,Brown,4.74,4.091,0.248,55,5.978,0.862,12.437,14.667,within,within,within,within,within,within,within,within,within,Forestry
Waikato,Brown,5.33,5.215,0.279,88.899,7.234,0.87,25.47,27.77,within,within,within,within,within,within,within,within,within,Forestry
Waikato,Allophanic,6.66,7.11,0.72,122,51.477,0.804,8.333,12.7,within,within,within,above,within,within,within,within,within,Crop_Hort
Waikato,Allophanic,5.91,6.599,0.67,104.639,54.928,0.853,3.867,7.067,within,within,below,above,within,within,within,within,below,Crop_Hort
Waikato,Allophanic,6.37,7.13,0.657,152.438,24.564,0.844,9.533,13.233,within,within,within,within,within,within,within,within,within,Crop_Hort
Waikato,Allophanic,6.57,7.39,0.64,125,43,0.92,12.889,15.2,within,within,within,within,within,within,within,within,within,Crop_Hort
Waikato,Allophanic,5.44,8.036,0.713,166.148,18.187,0.825,5.5,8.467,within,within,below,below,within,within,within,within,below,Crop_Hort
Waikato,Granular,6.4,3.557,0.313,34.036,73.706,1.035,14.2,17.133,within,within,within,above,within,within,within,within,within,Crop_Hort
Waikato,Granular,6.35,4.18,0.36,29,104,0.96,19.249,22.7,within,within,within,above,within,within,within,within,within,Crop_Hort
Waikato,Granular,5.74,3.401,0.299,24.909,98.516,1.109,11.7,13.4,within,within,within,above,within,within,within,within,within,Crop_Hort
Waikato,Granular,6.91,3.655,0.305,40.716,98.061,1.027,22,22.9,within,within,within,above,within,within,within,within,within,Crop_Hort
Waikato,Granular,6.36,5.29,0.43,55,102,0.88,19.673,23.2,within,within,within,above,within,within,within,within,within,Crop_Hort
Waikato,Granular,6.07,3.794,0.304,31.201,113.846,1.032,18.067,19.567,within,within,within,above,within,within,within,within,within,Crop_Hort
Waikato,Allophanic,6.34,8.46,0.84,118,23,0.72,12.72,15,within,within,within,within,within,within,within,within,within,Crop_Hort
Waikato,Allophanic,6.62,5.603,0.581,118.785,21.929,0.823,10.867,14.3,within,within,within,within,within,within,within,within,within,Crop_Hort
Waikato,Allophanic,6.37,7.86,0.8,119,19,0.74,12.889,15.2,within,within,within,below,within,within,within,within,within,Crop_Hort
Waikato,Allophanic,6.35,8.27,0.801,134.178,44.442,0.763,4.55,4.667,within,within,below,within,within,within,within,within,below,Crop_Hort
Waikato,Gley,5.75,5.95,0.55,55,18,0.77,15.094,17.8,within,within,within,below,within,within,within,within,within,Crop_Hort
Waikato,Organic,5.08,26.283,1.073,26.667,20,0.6,,,within,within,,within,within,within,within,within,,Crop_Hort
Waikato,Allophanic,6.48,5.15,0.46,35,32,0.75,19.588,23.1,within,within,within,within,within,within,within,within,within,Crop_Hort
Waikato,Allophanic,5.59,13.925,1.158,120.977,7.087,0.516,24.267,28.833,within,within,within,within,within,above,within,above,within,Forestry
Waikato,Allophanic,5.28,13.602,1.044,132.178,18.351,0.521,17.867,21.767,within,within,within,within,within,above,within,above,within,Forestry
Waikato,Gley,6.78,2.46,0.24,35,82,0.99,11.872,14,within,within,within,above,below,within,within,below,within,Crop_Hort
Waikato,Pumice,5.11,5.96,0.304,78.429,12.267,0.592,34.467,41.5,within,below,above,within,within,within,within,within,mix,Forestry
Waikato,Pumice,5.39,6.801,0.355,89.089,17.783,0.87,18.633,24.033,within,within,within,within,within,within,within,within,within,Forestry
Waikato,Allophanic,5.3,4.337,0.35,77.284,38.258,0.969,17.033,21.6,within,within,within,above,within,within,within,within,within,Forestry
Waikato,Allophanic,4.98,7.071,0.488,100.14,36.051,0.835,25.933,30,within,within,within,above,within,within,within,within,within,Forestry
Waikato,Granular,6.84,6.421,0.557,150.579,115.128,0.943,6.7,7.967,within,within,below,above,within,within,within,within,below,Crop_Hort
Waikato,Granular,6.55,7.821,0.698,397.847,92.086,0.865,3.533,6.167,within,within,below,above,within,within,within,within,below,Crop_Hort
Waikato,Allophanic,6.68,11.877,1.092,186.666,56.674,0.69,3.1,4.667,within,within,below,above,within,within,within,within,below,Crop_Hort
Waikato,Allophanic,6.53,11.27,1.042,360.96,28.301,0.71,6.2,9.133,within,within,below,within,within,within,within,within,below,Crop_Hort
Waikato,Allophanic,5.83,4.65,0.498,68.022,53.037,0.915,6.367,10.1,within,within,within,above,within,within,within,within,within,Crop_Hort
Waikato,Allophanic,5.56,4.563,0.496,52.439,34.409,0.79,20.5,24.4,within,within,within,within,within,within,within,within,within,Crop_Hort
Waikato,Allophanic,6.67,6.59,0.66,102,46,0.78,15.263,18,within,within,within,within,within,within,within,within,within,Crop_Hort
Waikato,Granular,7.52,3.42,0.26,63,88,1.16,11.787,13.9,within,within,within,above,within,within,within,within,within,Crop_Hort
Waikato,Allophanic,6.5,5.302,0.512,53.03,44.01,0.705,23.267,29.1,within,within,within,within,within,within,within,within,within,Crop_Hort
Waikato,Pumice,5.03,6.55,0.47,97,35.827,0.587,33.2,37.633,within,below,above,above,within,within,within,within,mix,Forestry
Waikato,Pumice,4.94,7.124,0.531,97.416,47.022,0.603,28.6,35.9,within,within,above,above,within,within,within,within,above,Forestry
Waikato,Pumice,5.24,9.99,0.44,132,3.969,0.567,22.4,30.433,within,below,above,below,within,within,within,within,mix,Forestry
Waikato,Pumice,5.28,4.86,0.24,113,9.57,0.638,33.267,39.767,within,within,above,within,within,within,within,within,above,Forestry
Waikato,Pumice,5.93,2.216,0.091,31.892,4.939,0.843,20.7,25.5,within,within,within,below,within,below,within,below,within,Forestry
Waikato,Allophanic,6.36,5.749,0.563,52.449,52.701,0.731,18.867,24.633,within,within,within,above,within,within,within,within,within,Crop_Hort
Waikato,Brown,6.99,5.579,0.492,29.089,60.189,0.812,20.533,25.567,within,within,within,above,within,within,within,within,within,Crop_Hort
Waikato,Brown,5.94,9.093,0.827,96.512,44,0.86,7.547,8.9,within,within,below,within,within,within,within,within,below,Crop_Hort
Waikato,Allophanic,6.94,7.319,0.696,171.452,69.337,0.756,11,13.167,within,within,within,above,within,within,within,within,within,Crop_Hort
Waikato,Allophanic,6.92,7.598,0.73,144.116,66.705,0.76,6.067,10.433,within,within,within,above,within,within,within,within,within,Crop_Hort
Waikato,Allophanic,7.02,6.827,0.639,150.499,77.173,0.81,6.9,10.77,within,within,within,above,within,within,within,within,within,Crop_Hort
Waikato,Allophanic,6.74,8.086,0.828,190.188,63.16,0.768,8.667,11.2,within,within,within,above,within,within,within,within,within,Crop_Hort
Waikato,Allophanic,6.93,7.872,0.825,147.892,65.838,0.78,7.6,10.13,within,within,within,above,within,within,within,within,within,Crop_Hort
Waikato,Brown,6.9,6.723,0.643,149.532,135.09,0.896,10.967,13.7,within,within,within,above,within,within,within,within,within,Crop_Hort
Waikato,Allophanic,6.96,7.17,0.682,127.109,122.235,0.88,13.03,15.3,within,within,within,above,within,within,within,within,within,Crop_Hort
Waikato,Allophanic,6.59,9.693,0.926,207.728,37.109,0.695,6.4,8.867,within,within,below,within,within,within,within,within,below,Crop_Hort
Waikato,Allophanic,6.94,9.345,0.882,153.84,45.125,0.73,2.7,4.37,within,within,below,within,within,within,within,within,below,Crop_Hort
Waikato,Allophanic,6.37,7.697,0.768,137.671,114.876,0.809,5.367,8.733,within,within,below,above,within,within,within,within,below,Crop_Hort
Waikato,Allophanic,7.13,6.893,0.709,111.467,92.693,0.81,5.13,8.77,within,within,below,above,within,within,within,within,below,Crop_Hort
Waikato,Allophanic,6.77,9.221,0.896,147.209,75.07,0.76,8.1,10.77,within,within,within,above,within,within,within,within,within,Crop_Hort
Wellington,Pallic,6.53,1.73,0.163,15.552,190.947,1.394,11.167,12.467,within,within,within,above,below,within,below,below,within,Crop_Hort
Wellington,Pallic,6.56,2.065,0.2,12.025,137.631,1.573,5,5.567,within,above,below,above,within,within,below,below,mix,Crop_Hort
Wellington,Recent,6.52,1.637,0.147,36.555,142.184,1.592,0.367,1.933,within,above,below,above,below,within,within,below,mix,Crop_Hort
Wellington,Recent,6.42,1.297,0.14,20.371,130.156,1.493,6.167,7.733,within,above,below,above,below,within,within,below,mix,Crop_Hort
Wellington,Brown,6.9,1.694,0.161,42.881,197.543,1.651,1,2.3,within,above,below,above,below,within,within,below,mix,Crop_Hort
Wellington,Brown,7.25,1.321,0.137,39.326,183.739,1.35,13.2,13.9,within,within,within,above,below,within,within,below,within,Crop_Hort
Wellington,Gley,5.57,4.656,0.326,29.279,151.443,1.06,19.167,20.533,within,within,within,above,within,within,within,within,within,Crop_Hort
Wellington,Gley,5.89,4.805,0.352,38.291,159.165,1.115,16.8,17.5,within,within,within,above,within,within,within,within,within,Crop_Hort
Wellington,Recent,5.76,1.463,0.142,15.76,241.476,1.337,16.2,17.433,within,within,within,above,below,within,below,below,within,Crop_Hort
Wellington,Recent,6.1,1.491,0.166,22.918,194.19,1.347,15.967,16.8,within,within,within,above,below,within,within,below,within,Crop_Hort
Wellington,Gley,6.02,2.593,0.239,44.879,183.747,1.265,9.267,10.667,within,within,within,above,within,within,within,within,within,Crop_Hort
Wellington,Gley,6.85,2.052,0.208,32.974,162.363,1.24,17.1,18.367,within,within,within,above,below,within,within,below,within,Crop_Hort
Wellington,Brown,6.24,2.898,0.277,39.823,35.39,1.102,16.267,18.1,within,within,within,within,within,within,within,within,within,Crop_Hort
Wellington,Brown,6.38,2.91,0.3,46.524,40.688,1.147,15.833,16.867,within,within,within,within,within,within,within,within,within,Crop_Hort
Wellington,Gley,6.12,3.153,0.32,65.527,29.68,1.244,4.3,6.233,within,within,below,within,within,within,within,within,below,Crop_Hort
Wellington,Gley,5.82,2.968,0.319,71.183,35.26,1.343,3.8,5.1,within,within,below,within,within,within,within,within,below,Crop_Hort
Wellington,Recent,6.37,1.231,0.123,13.401,154.391,1.374,19.1,21,within,within,within,above,below,within,below,below,within,Crop_Hort
Wellington,Recent,6.35,1.398,0.153,16.167,196.441,1.573,5.867,7.4,within,above,below,above,below,within,below,below,mix,Crop_Hort
Wellington,Gley,6.03,2.998,0.307,59.299,32.171,1.142,12.433,14.133,within,within,within,within,within,within,within,within,within,Crop_Hort
Wellington,Gley,6.11,2.815,0.31,81.106,24.541,1.137,10.067,11.367,within,within,within,within,within,within,within,within,within,Crop_Hort
Wellington,Recent,6.31,2.636,0.276,64.459,67.255,1.26,9.2,10.933,within,within,within,above,within,within,within,within,within,Crop_Hort
Wellington,Recent,5.66,3.088,0.316,90.1,36.428,1.367,4.267,6.933,within,within,below,within,within,within,within,within,below,Crop_Hort
Wellington,Recent,6.05,2.342,0.262,78.735,94.614,1.243,12.133,13.9,within,within,within,above,within,within,within,within,within,Crop_Hort
Wellington,Pallic,5.81,3.016,0.283,92.607,35.852,1.267,7.1,8.9,within,within,below,within,within,within,within,within,below,Crop_Hort
Wellington,Pallic,5.59,3.001,0.271,84.983,39.693,1.38,1.7,2.2,within,within,below,within,within,within,within,within,below,Crop_Hort
Wellington,Recent,7.33,1.419,0.15,25.921,139.441,1.375,16.567,18.733,within,within,within,above,below,within,within,below,within,Crop_Hort
Wellington,Pallic,5.97,2.911,0.296,74.627,32.324,1.22,7.433,9.867,within,within,below,within,within,within,within,within,below,Crop_Hort
Wellington,Gley,5.94,2.867,0.282,50.786,80.413,1.289,3.867,5.4,within,within,below,above,within,within,within,within,below,Crop_Hort
Wellington,Gley,6.4,2.841,0.29,48.352,85.798,1.207,7.8,9.667,within,within,below,above,within,within,within,within,below,Crop_Hort
Wellington,Recent,5.73,1.697,0.151,32.813,58.214,1.355,18.3,20.6,within,within,within,above,below,within,within,below,within,Crop_Hort
Wellington,Recent,5.78,2.332,0.22,65.158,53.138,1.177,24.5,26.967,within,within,within,above,within,within,within,within,within,Crop_Hort
Wellington,Gley,7.27,1.843,0.171,39.4,76.652,1.462,1.1,1.967,within,above,below,above,below,within,within,below,mix,Crop_Hort
Wellington,Gley,6.92,1.657,0.177,30.522,68.673,1.607,0.5,0.5,within,above,below,above,below,within,within,below,mix,Crop_Hort
Wellington,Recent,5.18,2.024,0.189,42.431,32.061,1.404,4.5,7.1,within,above,below,within,within,within,within,within,mix,Crop_Hort
Wellington,Recent,6.08,1.495,0.162,30.01,16.923,1.53,0.5,1.633,within,above,below,below,below,within,within,below,mix,Crop_Hort
Wellington,Gley,6.22,3.777,0.357,68.964,47.897,1.11,20.7,22.767,within,within,within,within,within,within,within,within,within,Crop_Hort
Wellington,Gley,6.76,4.268,0.358,100.366,113.05,1.15,17.733,21.233,within,within,within,above,within,within,within,within,within,Crop_Hort
